{
  "2022": {
    "積體電路": {
      "營業額": 11939.83,
      "員工人數": 36280,
      "溫室氣體排放強度": 0.0,
      "能源強度": 0.0,
      "用水強度": 0.5134828301575484,
      "廢棄物再利用率": 97.32456440506114
    },
    "光電產業": {
      "營業額": 1888.16,
      "員工人數": 33619,
      "溫室氣體排放強度": 0.0,
      "能源強度": 0.0,
      "用水強度": 0.9980922167612915,
      "廢棄物再利用率": 84.0202240803975
    },
    "生物科技": {
      "營業額": 115.86,
      "員工人數": 3000,
      "溫室氣體排放強度": 0.0,
      "能源強度": 0.0,
      "用水強度": 0.46709390643880544,
      "廢棄物再利用率": 87.08590730506413
    },
    "通訊產業": {
      "營業額": 211.21,
      "員工人數": 3611,
      "溫室氣體排放強度": 0.0,
      "能源強度": 0.0,
      "用水強度": 0.22690544955257802,
      "廢棄物再利用率": 73.61515653314288
    },
    "精密機械": {
      "營業額": 519.13,
      "員工人數": 10992,
      "溫室氣體排放強度": 0.0,
      "能源強度": 0.0,
      "用水強度": 0.11419740720050854,
      "廢棄物再利用率": 48.2925869583224
    },
    "電腦及週邊": {
      "營業額": 127.31,
      "員工人數": 2228,
      "溫室氣體排放強度": 0.0,
      "能源強度": 0.0,
      "用水強度": 0.06339407744874714,
      "廢棄物再利用率": 80.10491358801252
    },
    "其他園區事業": {
      "營業額": 32.25,
      "員工人數": 2871,
      "溫室氣體排放強度": 0.0,
      "能源強度": 0.0,
      "用水強度": 4.2723007751937985,
      "廢棄物再利用率": 34.257956616388356
    }
  },
  "2021": {
    "積體電路": {
      "營業額": 5465.87,
      "員工人數": 25734,
      "溫室氣體排放強度": 0.08338048518717057,
      "能源強度": 0.4675169935504958,
      "用水強度": 0.7049256385534233,
      "廢棄物再利用率": 97.53149189246378
    },
    "光電產業": {
      "營業額": 2122.76,
      "員工人數": 35575,
      "溫室氣體排放強度": 0.13640988819744107,
      "能源強度": 0.8304158279204875,
      "用水強度": 1.0707333848386063,
      "廢棄物再利用率": 81.03049858176101
    },
    "生物科技": {
      "營業額": 125.9,
      "員工人數": 3125,
      "溫室氣體排放強度": 0.049757445591739474,
      "能源強度": 0.29979262103294524,
      "用水強度": 0.4358657664813344,
      "廢棄物再利用率": 91.75973425905632
    },
    "通訊產業": {
      "營業額": 166.4,
      "員工人數": 3256,
      "溫室氣體排放強度": 0.04206730769230769,
      "能源強度": 0.21252077980958137,
      "用水強度": 0.28798858173076924,
      "廢棄物再利用率": 81.89924965654156
    },
    "精密機械": {
      "營業額": 481.1,
      "員工人數": 9281,
      "溫室氣體排放強度": 0.020785699438786113,
      "能源強度": 0.11760867265953635,
      "用水強度": 0.1116659738100187,
      "廢棄物再利用率": 44.775763443935915
    },
    "電腦及週邊": {
      "營業額": 134.01,
      "員工人數": 1469,
      "溫室氣體排放強度": 0.014924259383628088,
      "能源強度": 0.10555468326338137,
      "用水強度": 0.05907618834415342,
      "廢棄物再利用率": 77.62529903704785
    },
    "其他園區事業": {
      "營業額": 29.19,
      "員工人數": 2836,
      "溫室氣體排放強度": 0.3768413840356286,
      "能源強度": 2.180685987275293,
      "用水強度": 3.216515930113052,
      "廢棄物再利用率": 33.67652910607927
    }
  },
  "2020": {
    "通訊產業": {
      "營業額": 127.29,
      "員工人數": 2722,
      "溫室氣體排放強度": 0.043427627936208656,
      "能源強度": 0.21058929288737108,
      "用水強度": 0.3109458716317071,
      "廢棄物再利用率": 76.57296415679144
    },
    "精密機械": {
      "營業額": 385.91,
      "員工人數": 8812,
      "溫室氣體排放強度": 0.02327924072970381,
      "能源強度": 0.12646135241367198,
      "用水強度": 0.16207483610168175,
      "廢棄物再利用率": 38.36299153120591
    },
    "電腦及週邊": {
      "營業額": 221.5,
      "員工人數": 1294,
      "溫室氣體排放強度": 0.00807460993227991,
      "能源強度": 0.052305449407786454,
      "用水強度": 0.03546636568848758,
      "廢棄物再利用率": 81.62563803352697
    },
    "其他園區事業": {
      "營業額": 28.09,
      "員工人數": 2759,
      "溫室氣體排放強度": 0.3989871370594517,
      "能源強度": 2.403381302557659,
      "用水強度": 3.2468351726593094,
      "廢棄物再利用率": 22.665386639076434
    }
  },
  "2019": {
    "積體電路": {
      "營業額": 4528.01,
      "員工人數": 24097,
      "溫室氣體排放強度": 0.08194385820107708,
      "能源強度": 0.4635516276267917,
      "用水強度": 0.6586978827343579,
      "廢棄物再利用率": 96.93181739652786
    },
    "光電產業": {
      "營業額": 2120.76,
      "員工人數": 36542,
      "溫室氣體排放強度": 0.14361282044848497,
      "能源強度": 0.8488902318237539,
      "用水強度": 1.0209652671683733,
      "廢棄物再利用率": 82.30285008602306
    },
    "生物科技": {
      "營業額": 91.87,
      "員工人數": 2952,
      "溫室氣體排放強度": 0.07911102596286085,
      "能源強度": 0.47522518385544793,
      "用水強度": 0.5598911505388048,
      "廢棄物再利用率": 91.43332178134592
    },
    "通訊產業": {
      "營業額": 91.35,
      "員工人數": 1457,
      "溫室氣體排放強度": 0.04907134608622349,
      "能源強度": 0.2848607207780348,
      "用水強度": 0.2677263273125342,
      "廢棄物再利用率": 68.26331329114554
    },
    "精密機械": {
      "營業額": 412.24,
      "員工人數": 8802,
      "溫室氣體排放強度": 0.023632742908587457,
      "能源強度": 0.13122985538424217,
      "用水強度": 0.15130652047351056,
      "廢棄物再利用率": 46.74267247098666
    },
    "電腦及週邊": {
      "營業額": 160.91,
      "員工人數": 713,
      "溫室氣體排放強度": 0.009266008120623106,
      "能源強度": 0.05792938064756697,
      "用水強度": 0.04023367099620906,
      "廢棄物再利用率": 82.2250515180318
    },
    "其他園區事業": {
      "營業額": 27.22,
      "員工人數": 2418,
      "溫室氣體排放強度": 0.43512201639121656,
      "能源強度": 2.4550039552693623,
      "用水強度": 3.5298934606906687,
      "廢棄物再利用率": 22.19341778474382
    }
  },
  "2018": {
    "積體電路": {
      "營業額": 4859.75,
      "員工人數": 22028,
      "溫室氣體排放強度": 0.06908997376408252,
      "能源強度": 0.371673211537401,
      "用水強度": 0.49790581820052476,
      "廢棄物再利用率": 95.95071199290051
    },
    "光電產業": {
      "營業額": 2446.96,
      "員工人數": 37133,
      "溫室氣體排放強度": 0.12723951351881518,
      "能源強度": 0.6129108026888376,
      "用水強度": 0.9549485484029163,
      "廢棄物再利用率": 81.03979904044434
    },
    "生物科技": {
      "營業額": 91.52,
      "員工人數": 2889,
      "溫室氣體排放強度": 0.08184003496503497,
      "能源強度": 0.47822977651300314,
      "用水強度": 0.6375043706293706,
      "廢棄物再利用率": 95.11573332596613
    },
    "通訊產業": {
      "營業額": 54.42,
      "員工人數": 1346,
      "溫室氣體排放強度": 0.07203234105108416,
      "能源強度": 0.4026138447886049,
      "用水強度": 0.3993568540977582,
      "廢棄物再利用率": 64.36979875779933
    },
    "精密機械": {
      "營業額": 460.03,
      "員工人數": 8219,
      "溫室氣體排放強度": 0.02102036823685412,
      "能源強度": 0.11258996956903516,
      "用水強度": 0.13696563267612982,
      "廢棄物再利用率": 35.64554472470826
    },
    "電腦及週邊": {
      "營業額": 18.61,
      "員工人數": 305,
      "溫室氣體排放強度": 0.07952713594841483,
      "能源強度": 0.46047981201577165,
      "用水強度": 0.3374637291778614,
      "廢棄物再利用率": 57.5822185909669
    },
    "其他園區事業": {
      "營業額": 25.14,
      "員工人數": 2431,
      "溫室氣體排放強度": 0.48249801113762925,
      "能源強度": 2.6653270019134077,
      "用水強度": 3.7301113762927605,
      "廢棄物再利用率": 35.04994974043561
    }
  },
  "2017": {
    "積體電路": {
      "營業額": 5372.4,
      "員工人數": 22235,
      "溫室氣體排放強度": 0.06391929119201846,
      "能源強度": 0.3356690503568581,
      "用水強度": 0.4514121621621622,
      "廢棄物再利用率": 95.16256531020191
    },
    "光電產業": {
      "營業額": 2815.6,
      "員工人數": 39721,
      "溫室氣體排放強度": 0.11557039352180708,
      "能源強度": 0.6295473862690163,
      "用水強度": 0.9663069328029549,
      "廢棄物再利用率": 83.85680661842014
    },
    "生物科技": {
      "營業額": 95.7,
      "員工人數": 2808,
      "溫室氣體排放強度": 0.07001044932079414,
      "能源強度": 0.405146520476513,
      "用水強度": 0.5409310344827586,
      "廢棄物再利用率": 92.36835064431786
    },
    "通訊產業": {
      "營業額": 51.5,
      "員工人數": 1328,
      "溫室氣體排放強度": 0.07766990291262135,
      "能源強度": 0.3690067514563106,
      "用水強度": 0.3857922330097088,
      "廢棄物再利用率": 63.94787458973187
    },
    "精密機械": {
      "營業額": 406.3,
      "員工人數": 7579,
      "溫室氣體排放強度": 0.021904996308146688,
      "能源強度": 0.11556995468132905,
      "用水強度": 0.1386982525227664,
      "廢棄物再利用率": 34.65765616970584
    },
    "電腦及週邊": {
      "營業額": 19.9,
      "員工人數": 295,
      "溫室氣體排放強度": 0.05527638190954775,
      "能源強度": 0.34785284020100504,
      "用水強度": 0.29726633165829147,
      "廢棄物再利用率": 64.37515225510315
    },
    "其他園區事業": {
      "營業額": 26.2,
      "員工人數": 2327,
      "溫室氣體排放強度": 0.6297709923664122,
      "能源強度": 2.5395825670010073,
      "用水強度": 3.422797709923664,
      "廢棄物再利用率": 53.670036133897725
    }
  },
  "2016": {
    "積體電路": {
      "營業額": 5067.9,
      "員工人數": 22650,
      "溫室氣體排放強度": 0.06886481580141676,